Name,Math,Science,English,Social Science,Hindi
Rahul,80,90,85,75,80
Priya,95,92,97,90,94
Amit,70,75,72,65,70
Rohan,88,81,84,80,85
Bharti,99,95,98,94,95
Sushma,89,94,88,90,94
Suhani,88,94,88,86,93
Soha,90,92,86,84,90
Rajmani,85,80,78,79,96
Aarav,82,85,80,78,84
Aditi,91,93,89,90,92
Akash,76,80,74,72,78
Anjali,88,90,85,87,89
Arjun,79,82,77,80,81
Ayush,92,94,90,91,93
Deepak,68,72,70,69,71
Divya,89,91,88,90,87
Gaurav,81,79,83,80,82
Harsh,75,78,76,74,77
Isha,94,96,95,93,97
Jatin,84,82,80,81,83
Kajal,90,88,91,89,92
Karan,78,76,79,77,80
Khushi,93,95,94,92,96
Komal,85,87,84,86,88
Lakshay,80,81,82,79,83
Manish,72,74,73,71,75
Megha,91,92,90,89,93
Mohit,77,79,76,78,80
Muskan,95,97,96,94,98
Naina,88,89,87,86,90
Nikhil,83,84,82,81,85
Pooja,92,93,91,90,94
Pratik,74,76,73,75,77
Preeti,89,91,88,87,90
Rahul,80,90,85,75,80
Rakesh,76,78,75,77,79
Rani,94,95,93,92,96
Ritu,87,88,86,85,89
Riya,90,92,89,91,93
Rohit,82,83,81,80,84
Sakshi,93,94,92,91,95
Sameer,78,79,77,76,80
Sanjana,91,92,90,89,93
Shivam,84,85,83,82,86
Shreya,96,97,95,94,98
Sneha,89,90,88,87,91
Sonal,88,89,87,86,90
Tanvi,92,94,91,90,95
Tarun,79,80,78,77,81
Ujjwal,85,86,84,83,87
Vaishnavi,95,96,94,93,97
Varun,80,82,79,81,83
Vidhi,91,93,90,92,94
Vikas,77,78,76,75,79
Yash,88,90,87,89,91
Yogita,92,94,91,93,95
Zoya,90,91,89,88,92
Abhay,81,82,80,79,83
Ankit,86,88,85,84,89
Anu,93,94,92,91,95
Bharat,74,76,73,72,77
Charu,90,92,89,88,93
Daksh,82,84,81,80,85
Esha,95,96,94,93,97
Farhan,78,80,77,76,81
Garima,91,92,90,89,94
Himanshu,84,85,83,82,87
Irfan,76,78,75,74,79
Jyoti,94,95,93,92,96
Kabir,88,89,87,86,90
Lavanya,92,93,91,90,95
Madhav,79,81,78,77,82
Neha,90,91,89,88,92
Om,83,84,82,81,85
Pari,96,97,95,94,98
Qasim,75,77,74,73,78
Rachna,91,93,90,89,94
Samar,82,83,81,80,84
Tanya,95,96,94,93,97
Utkarsh,87,88,86,85,89
Vani,92,94,91,90,95
Wasim,78,79,77,76,80
Yamini,90,92,89,88,93
Zain,84,85,83,82,86
Ayesha,94,95,93,92,96
Bhavesh,80,81,79,78,82
Chetan,86,87,85,84,88
Diksha,93,94,92,91,95
Ekta,89,90,88,87,91
Faisal,77,78,76,75,79
Geet,91,92,90,89,93
Harleen,95,96,94,93,97
Inder,82,83,81,80,84
Jiya,90,91,89,88,92
Kriti,94,95,93,92,96
Lokesh,79,80,78,77,81
Mansi,92,93,91,90,94
Naveen,85,86,84,83,87
Ojas,88,89,87,86,90
Pallavi,96,97,95,94,98
